opinion_name,reference_name,opinion_id,reference_id
Test,A Bill for Proportioning Crimes and Punishments,000_1,2159049819335703096889904200956487190455707880001517487954774595538510526578028008036119250285624638830667843476648311939823773855519191861144611512018250
Test,Convicting the Innocent: Where Criminal Prosecutions Go Wrong,000_1,170927495971351272174553955010922153348525266649251995509696057559282045851595599764029297252456034728857563582343266402422241020718245446252071565642038501358702366860279651459293511
Test,TITLE XX Generic Journal YYYY,000_1,343728587886363155360104282209629780410063372437908686189192804825784603164743803612252286054212
Test,The Electric Chair: An Unnatural American History,000_1,2159051423914457963665276790876712512370232191655890006823388179989140020565307129066762893472454783122717559156740093696844699798624593434788243993358914
Test,The Death Penalty,000_1,72787116126316992814754847493808983818409851707407307248546517498148577602
Test,"Midazolam: Pharmacology and Uses, 62 Anesthesiology",000_1,2158232277094855047272530561068516582318557620353242370719423670577250016552212359588629361963322346238505786380689505703860447633992349734305990180234578
Test,Report and Recommendations on the Administration of the Death Penalty in California,000_1,16382463148839057300294686598043368112115521709744085899672974044675975106105887627177926113378347007189569445246410928163752622389488098318522456630471832608091868846713403016093171498273169481039506189675709819761511048482459212805450
Test,Report of the Council to the Membership on the Matter of the Death Penalty,000_1,807794339385669414943462114146558010491201284290272556895838590309387948276247587040607016277748938624326948574800632268703904126240118861947970277907910394675733988260371026120973420743862960514879016001
Test,A Wild Justice: The Death and Resurrection of Capital Punishment in America,000_1,887674624718121161992584949532094382447853800308960695473622594486392018209838672108953481843061372613848046160052193302516602844243460143439151809532564873178316813088457060126846707020472446153945778672902951821645
Test,The Death Penalty in 2014: Year End Report,000_1,1785243246377094434171980910979041165634989505302240892255887354429386765269933422933245048223154476457849471742773569426138157124
Test,A Bill for Proportioning Crimes and Punishments,000_1,2159049819335703096889904200956487190455707880001517487954774595538510526578028008036119250285624638830667843476648311939823773855519191861144611512018250
Test,A Living Death: Life Without Parole for Nonviolent Offenses,000_1,155487136054701437043199332101565329862371513476766356796826648522132118060724123351725894964221271011511674043256840948049938265860691691094585079800340776586956669469505
Test,Mercy on Trial: What It Means To Stop an Execution,000_1,8430569748712036599916421875710327022643834224601047528226224460347527166467393016330550582658341555564967292913224432326476120364515313150127512904019
Test,Deterrence and the Death Penalty,000_1,24768181330806820026596412233171107396738743675199671285038036904945618327083925296991871725177567783253397827395
Test,An Expendable Man,000_1,1110748563730831651412834702708024179265929225206980598415314531935301
Test,White Lies,000_1,1010031752220051028621390690879057770668180118692339016004
Test,Report to the Senate and House Committees on the Judiciary: Death Penalty Sentencing,000_1,975733864183915352499310212532776623050880532429445140422753424096238619930556586387432132259427924221271163568895396591475443970698505400188907624580130365592030786809226879630977372759643531987009162217569328141911653167874375
Test,"Guardian, May",000_1,16945464159355080278854789312923560104325416654984750111893055555
Test,"Rate of False Conviction of Criminal Defendants Who Are Sentenced to Death, 111 Proceeding of the N",000_1,85030398892333596235684800908379518352890344050388278168800237679216402925184812921748416397201450114540850027906525635713300947628076171127621768275426292040310805725606276746917336388865823028167264890179739802955250716028737291366273371050935596011789801994827952706
Test,Convicting the Innocent: Where Criminal Prosecutions Go Wrong,000_1,170927495971351272174553955010922153348525266649251995509696057559282045851595599764029297252456034728857563582343266402422241020718245446252071565642038501358702366860279651459293511
Test,App. A,000_1,60219531585622094081623154205934806911992978105680
Test,Death Sentences and Executions 2013,000_1,116997701394569258266722099044250790906347550512764868101227618462381682899283838141411620456333686681790810062004541236856329365384777
Test,"Justice Lewis F. Powell, Jr.",000_1,1476158119096134996845452670602300234772006683061779958661413680719987775078093347120846838731589598733642
Test,ABA Standards for Criminal Justice: Treatment of Prisoners,000_1,667685531138090909634680063543745037580474179021157824684128626217488110614613784435498863744129534911976578695146619735712208565576931383203584048200298933035718902339182402695022
Test,The Death Penalty in America: Current Controversies,000_1,9271297867893835800532781154107851177201309395986553051004013370041975322776517794400417638525276913542447915115322363990015372197227143691853976812136261467729774
Test,Report and Recommendations on the Administration of the Death Penalty in California,000_1,2772409612294745510554935948336224795920809408434238948793632984673455190927177275112937520415075671314102725334279078646582513906527543274395424676136357236743299005925992725560937359254445711168401694200560289809889620005608499904305545672567839206967606038030865546711022578017904626751074739164857032176812834549578044228433260784559918286409242252359262531
Test,"Guardian, May",000_1,975823135506686715480633349829619424443166358319890537668251674694132438053946962920388536293191036630179374682142441500387996298314092395575561183468633668863376973956745858128930759249372935467466166018964361514237919700656201
Test,Enhancement of GABAergic Activity: Neuropharmacological Effects of Benzodiazepines and Therapeutic ,000_1,85006215487893180562098219915032663846881308158802026952920224268081703450408051912887637887843547067217111274370573789415412110329545058856273030290373075869790224283898499061037025930387832292329860578359836651957665511996632580972008632501467514792081049700186284371
Test,Midazolam: Pharmacology and Uses,000_1,378040946943659180068205255587276145357777698292823925561134517701829942735236246066419621635605645378348370
Test,Uses and Abuses of Empirical Evidence in the Death Penalty Debate,000_1,734197622503119945725946414670727135796713737206791647907772559080070123340980561376902342845339587754348932522807189771718811718956245840543029859679313986410540975984217963223806977441165124
Test,Deterrence and the Death Penalty: The Views of the Experts,000_1,10192933675943355295415674038269037128857874326463339118427188706634730005152343857234290946536956750664199369633478793403874895152522762181208768331822581958238109253725610322
Test,"Volunteers for Execution: Directions for Further Research into Grief, Culpability, and Legal Struct",000_1,1427253830703737718749081914806761157801999086213952169671881002902896919303190792429598789803161975433769570197788610281225692673782714208050998892626557509400804973562123299778047905031219250313412659506217257738504432039431749274736901610224461717014559082298308559241572178
Test,Psychiatric Effects of Solitary Confinement,000_1,1963081051674885095784364500894753164790207722080245429096490573713923027631841292266763084518212896918429082672783225905727728172135398601287
Test,The Racial Geography of the Federal Death Penalty,000_1,32941278326557341067332244217716094524909665485390834134002835182271256241339044453530558915121165710624526444734728591890657186081689573149213486915
Test,Counsel for the Poor: The Death Sentence Not for the Worst Crime but for the Worst Lawyer,000_1,18005940923431630088042679498815391663213794522655355936509297556972145906347986840918500242810502513107175780848267200479278911856465448490034170294519039681790205269912090045135227501386049942177518459091220864799080023725687604307817820309779010
Test,"Death Eligibility in Colorado: Many Are Called, Few Are Chosen",000_1,43765737999803687765279744688598627881614048668161682330355727494204389521256521886585518674116966191172825433843002205652519030224409617670199090538868124555365262295369916415567094093
Test,Innocents Convicted: An Empirically Justified Factual Wrongful Conviction Rate,000_1,3812893544433138912276503556809792806383086613202544773634250150190756351706237455553455860013981110184774179406931950322797137455571335472061021511063974787112422725291253863315454476586188978896761850494331787063885930129746
Test,Rate of False Conviction of Criminal Defendants Who Are Sentenced to Death,000_1,52914547138961907510849748350613657760302454401223074725650902645463761893997116070069777544084720416821924526816088267690698273020887811431955178406789640273729576501286092617094562743661530450461482581324354
Test,Does Capital Punishment Have a Deterrent Effect? New Evidence from Postmoratorium Panel Data,000_1,1297337436961551822079242094388506306973534572437927171018743848571720123455684036158035432343673228553389237773318713331262977455880552088407625327193799126370875379928528140969570584563559096442078985235933395535513638710704998194928701887676353663687125443962180
Test,"State Executions, Deterrence, and the Incidence of Murder",000_1,2608887631078206174124735849541267293277010317446278822837611857470244510344572867284741536752011579763316886568674264077603125222353232828824429366149120184941447422957260204378
Test_93, Commentaries,000_1,1227101410015188229900975904964710946328523046809809789856648186245210337127263298
Test_93, Pleas of the Crown,000_1,1227101410015188229900975784091369853902710908464115789755424251427881400761344328
Test_93, Trustees,000_1,1015034496001047368916812634657584348684585522791239674184
Test_93, Trustees,000_1,1015034496001047368916812634657584348684585522791239674184
Test_93, Commentaries,000_1,1227101410015188229900975904964710946328523046809809789856648186245210337127263298
Test_93, Commentaries,000_1,1227101410015188229900975904964710946328523046809809789856648186245210337127263298
Test_93, Pleas of the Crown,000_1,1227101410015188229900975784091369853902710908464115789755424251427881400761344328
Test_93, Commentaries,000_1,1227101410015188229900975904964710946328523046809809789856648186245210337127263298
Test_93, Pleas of the Crown,000_1,1227101410015188229900975784091369853902710908464115789755424251427881400761344328
Test_93, Commentaries,000_1,1227101410015188229900975904964710946328523046809809789856648186245210337127263298
Test_93, Practice of Courts of King's Bench and Common Pleas,000_1,36374690808759092452390445825167419900723737860578570748144086790623804327145215866387287240594949014864109507865133292341554025185257740882043125305897275124052
Test_93, Commentaries,000_1,1227101410015188229900975904964710946328523046809809789856648186245210337127263298
Test_93, Commentaries,000_1,1227101410015188229900975904964710946328523046809809789856648186245210337127263298
Test_93, Commentaries,000_1,1227101410015188229900975904964710946328523046809809789856648186245210337127263298
Test_93, Law of Torts,000_1,285706811122407258930843301677328617094772878099782352235090443437567811
Test_93,Separation of Church and State,000_1,22526588392021336775488682765971696038065831679233353804210702120771245042383276952945124414269321027
Test_93,"Property Assessment and Exemptions: They Need Reform, Table Cl",000_1,170960296186237296775981499109968855811888207876646738766520480807244854905147626424984152967684910329349738158061672453688404151719971619537900944061270242984136369803741811276084307
Test_93,Rental Fee Recommendations,000_1,88052826616695566875073803804282808616338363860895652650219314694405040211985373046144444622140738
Test_93,American Dictionary of the English Language,000_1,7669744802663251887708529728239215630608956323257227853666329487390691172325237531372839139577826645232421349151093005788413797405527532887
Test_93,A Critical Pronouncing Dictionary,000_1,24765906430891184953118273971816400812903354794730548485747443326573396005881594297034944704474313401206007685463
Test_93,A General Dictionary of the English Language,000_1,502264438263697174324010873601340357533241592518762307039910239439544059939727623751437849501038674976590175593214878171460180077581549005269075
Test_93,A New and Complete LawDictionary,000_1,415502653798677073122546310042340886408682389467677005101358684639150641489167694688059787184589934403971210422365615427
Test_93,A New English Dictionary,000_1,5244864518111877412548468483727792740231439837699873242739961214089361914962574686049953099
Test_93,A Critical Pronouncing Dictionary,000_1,24765906430891184953118273971816400812903354794730548485747443326573396005881594297034944704474313401206007685463
Test_93,A General Dictionary of the English Language,000_1,502264438263697174324010873601340357533241592518762307039910239439544059939727623751437849501038674976590175593214878171460180077581549005269075
Test_93,English Navigation Laws,000_1,20501373531056731664756640681108811171967034043717059538809377452160357087181890565333320
Test_93,Guidelines Manual,000_1,312619329530537613721955584797702452083187464251940712230824216083278554354540179267
Test_93,The Buffalo Creek Disaster,000_1,1343198060778716888902900587356140574338406460060700747851837192215317616013528695450548663379
Test_93,The Snake River,000_1,1110541655988913807851218892518321251113221335736915816141745317241168
Test_93,Reinsurance Law,000_1,1110646968280582366902551495891407213939441553695512560162897856329026
Test_93,Reinsurance Law,000_1,1110646968280582366902551495891407213939441553695512560162897856329026
Test_93,Securities Regulation,000_1,4769734792776873001765525567770448238260124950578882069115866626363307238584140
Test_93,Separation of Church and State,000_1,22526588392021336775488682765971696038065831679233353804210702120771245042383276952945124414269321027
Test_93,Law of Torts,000_1,66187139196048252373937630768934986365080989972878230322900803
Test_93,"Verbatim Reporting Comes of Age, 56 Judicature",000_1,32925755372638536592701590461320728417774710813621921715377168516963567093825265987923186528282730401031930983007241630376791394696809066736477561170
Test_93,Onus Probandi,000_1,16953549262453906491934212423909278664005320249072939814397501762
Test_93,Handbook of Federal Indian Law,000_1,5768438522452905824651277975410603135678272506743547342466133365504376925532501657441302182539773374275
Test_93,"Historical Statistics of the United States, Colonial Times to the Present",000_1,52924698313788051190699199124395741487251299712906786371936587505258951985585685025738537167567918975022298276683889296651084838048306779050325285022878386190244156855216515249803264007414361196796230325134659
Test_93,Fundamentals of Private Pensions,000_1,96815178395432591242790201491932938225681512356034651003536752239627328884497137381655272396339187923185787725
Test_93,An Introduction to English Legal History,000_1,6976266239277774931370845137647860460026812009725118675083207869397243643862398441662725486339556120290027557678026019687850306
Test_93,Commentaries on the Constitution,000_1,377968574644864877942278937977655903664168580819375332782821490322846266354749393226464243384513735412380755
Test_93,The Making of the Constitution,000_1,1476999683028034916435576544440382190927241044802698078423228541865662767528982489400882280264132700823895
Test_93,Debates on the Federal Constitution,000_1,1623058446203427273840111922565058781417752485235482531057254840262822402761972375508591756756325863933851424162344005
Test_93,The Advice and Consent of the Senate,000_1,415581151185350252330717332183322247632159556625986514986084783032743725063464678523805950015420813997904234519960117576
Test_93,Military Manpower Statistics,000_1,5767355577025693915484874600504941025840641035777989368601883645945724940593522412526791581574426420548
Test_93,Military Criminal Justice: Practice and Procedure,000_1,141401739462148317974392824332573645329575395035159061002450491068919719944878876213338424265120314010200245864338907347629064698141817330843306963714116707155
Test_93,Military Law and Precedents,000_1,5765700187072855210300170285008032309986703341003188506187177686347797129565573675010025101301874846039
Test_93,Law of Torts,000_1,66243608591738078646590419140191420957878973272052451695882051
Test_93,State and Local Taxation,000_1,5770087504444636749857975968346307517574399478562333219618051617808327139041071742767764866468122748232
Test_93,"Property Assessment and Exemptions: They Need Reform, Table Cl",000_1,170960296186237296775981499109968855811888207876646738766520480807244854905147626424984152967684910329349738158061672453688404151719971619537900944061270242984136369803741811276084307
Test_93,"Exemption of Tangible Personalty, in Tax Exemptions",000_1,552715937000623276525777846150133153667837135514259143141126729769145315852121347493649701543712524127604008320923731406173467110715107838505094507711914314
Test_93,Law of Damages,000_1,66199521855799420058720773987229635013911898013504739090391368
Test_93,Rental Fee Recommendations,000_1,88052826616695566875073803804282808616338363860895652650219314694405040211985373046144444622140738
Test_93,The Dawes Act and the Allotment of Indian Lands,000_1,1962527952947529360494814789845650139716301203657725845540528242450645480452533276047971285040697332082226203527156135163333309176059498427471
Test_93,The Great Father,000_1,284379438460871718172088941725697439250873749642709443150447118208299600
Test_93,Handbook of Federal Indian Law,000_1,5766806628357462249348328178827089597862716040488466859749893825716000749662005248061084639505353830211
Test_93,The Dawes Act and the Allotment of Indian Lands,000_1,1962527952947529360494814789845650139716301203657725845540528242450645480452533276047971285040697332082226203527156135163333309176059498427471
Test_93,The Great Father,000_1,284379438460871718172088941725697439250873749642709443150447118208299600
Test_93,Handbook of Federal Indian Law,000_1,5766806628357462249348328178827089597862716040488466859749893825716000749662005248061084639505353830211
Test_93,The Closing of the Public Domain,000_1,96741678931973284256210141830449043329050008976364846045643141409170296992525397093584717714750702718755956048
Test_93,The Closing of the Public Domain,000_1,96741678931973284256210141830449043329050008976364846045643141409170296992525397093584717714750702718755956048
Test_93,Handbook of Federal Indian Law,000_1,5766806628357462249348328178827089597862716040488466859749893825716000749662005248061084639505353830211
Test_93,Indian Affairs: Laws and Treaties,000_1,6341854608476457602414689535774359991996834951687432112967288959310495798697193909411126754312151520279316961190219
Test_93,"Vices of the Political System of the United States, 2 Writings of James Madison",000_1,3811809172692319819556006666888837025670772212946659538148893180586731724341885949076424672627093326867929131249912959084851586586882142696954458862270535024197092882856418934355335542609888761184523427734033677960059455562061
Test_93,American Copyright Law,000_1,1221744597922060472972278132185561946790337035572164473513087812962308487501145431
Test_93,Of Human Bondage,000_1,72787359713236245556549541359746280538343575652587715188579933739734622541
Test_93,An Unhurried View of Copyright,000_1,1477001323466078506664845056513846101437743474096615496377113378185338695086754912636323338770217385877835
Test_93,The Fair Use Privilege in Copyright Law,000_1,27240721084580046949333273616130202286541732022752089595104602321451139923599152739187195353738381009821669110521412464173392
Test_93,"Preliminary Reflections on McKesson and American Trucking Associations, 48 Tax Notes",000_1,17999112876652361123330079923325121990368280619048569203289774385935112289087359823686428600936274371403262466689104798869621852966694311774711023192462171811580900724766236455667152790099903581083208409810926072598039539321565769914676336489424200
Test_93,Commentaries,000_1,284406186960203253132689613219052030466173791426151285605572194024385602
Test_93,"Legal Problems Relating to Refugees and Displaced Persons, in Hague Academy of Int'l Law, 149 Recui",000_1,332213715630295512093638593149984135669773068232622019244181147459612695714428261141369240501337899011873870151255216905916075059229389199908883330149491405031213111531521043883359027486304756392444296762648762401810239323306275512856595108842735823090936268623800395
Test_93,The Refugee in International Law,000_1,106388892909468254422476413127500480419314194649378024754317475630542299148042029208978749122422089580400699417409126100807
Test_93,The Status of Refugees in International Law,000_1,32922633624088220799358942509523736391616246477962696635774244227140905056268341869520621033307961837280277030152768988424896509407725383275333644871
Test_93,"Convention Relating to the Status of Refugees: Its History, Contents and Interpretation",000_1,18004207239679081301908737325182910458062090573738786977186627316874052656690016119767915002431811283173115366975832276186184615424054053407882377255957357216820427229143044562284965976174642028401774007188767917751518730488312496020023647773290322
Test_93,"Legal Problems Relating to Refugees and Displaced Persons, in Hague Academy of Int'l Law, 149 Reeue",000_1,332213715630295511646159133447202501336117898153069517110646111010707275686883732426758488604764534149724422471032244775629193107796742411565540675886666803201680725670373280697828967144810278469979460148122105871762150424773517594985394834400456267049136295990356043
Test_93,Handbook on Procedures and Criteria for Determining Refugee Status,000_1,48148420031173728174812686640287051615118022850738033829336258896426599940659441122737748114765769587320760371895381444143353414779701621223529516096088034923787175295545848653854617073521606944082
Test_93,The Refugee in International Law,000_1,106388892909468254422476413127500480419314194649378024754317475630542299148042029208978749122422089580400699417409126100807
Test_93,The Status of Refugees in International Law,000_1,32922633624088220799358942509523736391616246477962696635774244227140905056268341869520621033307961837280277030152768988424896509407725383275333644871
Test_93,"Convention Relating to the Status of Refugees: Its History, Contents and Interpretation",000_1,18004207239679081301908737325182910458062090573738786977186627316874052656690016119767915002431811283173115366975832276186184615424054053407882377255957357216820427229143044562284965976174642028401774007188767917751518730488312496020023647773290322
Test_93,The Price System,000_1,72801082326089825428180024887311188028953142738757208519805009932640743236
Test_93,Economics,000_1,66218524800506157080390889444624262198845150907392851153084755
Test_93,Economics and Federal Antitrust Law,000_1,27240721084580046949333273616222440422346488335757788378144300559198654830088198546032592682184274930695891078484798754680648
Test_93,The Antitrust Paradox,000_1,4772902749564020660937724449641624790186983161080271175039331680879277457436482
Test_93,Antitrust,000_1,258715056578313580513263512202189578850472258820554621744467
Test_93,Antitrust Law: An Economic Perspective,000_1,27243293247544547416561010507228434651357480219142602240491220221889593417519556461380967735902569058585706273329856564653904
Test_93,American Cigarette Industry,000_1,22522291386851417908872785969269360587700746593956306471514467500764689108734377880740892000841000276
Test_93,Industrial Market Structure and Economic Performance,000_1,36191980504649838791013764936178176106874789848136548067244381395397714409403910625201887350581022882905466512657049041982010025039928136639259777932484432913235
Test_93,Rights and Advocacy for Retarded People,000_1,106388892909468253778989605831069087704887734780150774999767489117537908537723343747230618201335564863048398208459890386248
Test_93,"Use of Behavior Therapy with the Mentally Retarded, in Psychiatric Approaches to Mental Retardation",000_1,5570451498105229968088053062246673170154241903915722901158374859033231134239326364104128704115042046354696829427521885526421730520611552281573157394527069951421497877674277253265740015612079385788286753606553705803133627232724562920252052632845535365265916773342101906809159
Test_93,"Pharmacological Intervention, in Handbook of Mental Retardation",000_1,667687518472738157707611560144790825833377625410240674730411275448873838973852621794092259876780959014332501105388979269291939597447805935090976722118893233130221817792433030786369
Test_93,Rights and Advocacy for Retarded People,000_1,106388892909468253778989605831069087704887734780150774999767489117537908537723343747230618201335564863048398208459890386248
Test_93,The History of English Law,000_1,88052631061241838881459364240552100364063217857353774061796934007491646760244191271425127710748496
Test_93,Habilitation of the Handicapped,000_1,1477001870278759694454894862880376800816722259406209452759823169435416458506971925855939974891415111167826
Test_93,"Medical Treatment of Mental Illness, 200 Science",000_1,32941364115390116553207459480431645960226955043413011513965730091901499198654511705090968038684156976070070388309842023082316872589775785692669044034
Test_93,"The Psychotherapies: Individual, Family, and Group, in The Harvard Guide to Modern Psychiatry",000_1,5070139972626125482499310823050528900654593839871593398659458667146503113140024658522947432944985785818794299794973044694835759837582500869722734381213008002005946701352055928829885964862560472730205304926646031664406052520325431422209525174062942646621033817421
Test_93,The Clinical Prediction of Violent Behavior,000_1,7664673977966462127894700239836672804988416220552927128270348398705259897576080124188439141028995315981955068346061141207966678393161674573
Test_93,Design and Analysis,000_1,4770641185321104320923875092561826987738096060249676753497901878082049026319691
Test_93,The Mentally Disabled and the Law,000_1,24775291498899648058189335264697375487458435145623454076359214847704387631882324570315408434627303175395446190658
Test_93,"Mental Retardation: Definition, Classification, and Systems of Support",000_1,3467160563142759807392031825809996648554946546548512069253947543968822999428653263667143953993358186228274892109448728839172034452840430397977963569409195561754236833511889382025555521486935242429044394795046561106
Test_93,"PoliceProsecutor Teams, 23 The Prosecutor",000_1,29962846436565730402420031639255424650383112745896514687747262090606767400339465223105021104993129832232662323912528071315766249166959938
Test_93,Actionable Defamation,000_1,1221859937698449202221609302299679331902924297914410250987892971778146910319636290
Test_93,Competency to Stand Trial,000_1,1342434669610827863686171648273550192725316226368266017434290288466181014455540646246753857362
Test_93,The Mentally Disabled and the Law,000_1,24775291498899648058189335264697375487458435145623454076359214847704387631882324570315408434627303175395446190658
Test_93,"Attorney General's Commission on Pornography, Final Report",000_1,10192929901980930477279750129716821784298403732355027714864626620948446481917650548898948811839834162815779263035515460995018098533131074650465319553431519981511564825992590666
Test_93,System of Freedom of Expression,000_1,96732576609341073660666315149392790969886170720256155089258833265842928838421409924027791674182230970936421701
Test_93,The Nature of the Judicial Process,000_1,1623054239963661528647374196991604308342296300541526659150381378528268569645952856861874602720051276709570811236868419
Test_93,Reliable Knowledge: An Exploration of the Grounds for Belief in Science,000_1,3155155851054684946532023281016365053270416474956889415789783327313193001957373253481733954355686403078353714969915367127477622716051621905005793899938143684637971713510063789107227174932348696548698458
Test_93,"The Philosophical Basis of Peer Review and the Suppression of Innovation, 263 JAMA",000_1,16370097797928211384287904432892309498493505186075706579453652907654663885150453175546302160584473482255199250675023341537374973981673236259631097656034517746995595315981306651269220085058330616360616134051945854148580180051700229500744
Test_93,The Fifth Branch: Science Advisors as Policymakers,000_1,141374923846288433447059503589673572878176543514869551552488274983754263950654285812585826176146587023787389788356738348123286357913101713800681740550010003786
Test_93,Conjectures and Refutations: The Growth of Scientific Knowledge,000_1,43790749126135224772675193138422624568504671729246013122438687378412156917926575283774644960596272017146951693820401756236680211760367635089334634730538316284232774276734144736769634128
Test_93,Philosophy of Natural Science,000_1,5768989607108173384500688773408879866239137304115830573609497931277156418217590510239110273098247398728
Test_93,"Problems, Cases, and Materials on Evidence",000_1,456936815703812438725572938000262177767077842169986383761673566245230540271365339384995533339616185720951904037829051450133877977671
Test_93,Constitutional Limitations,000_1,343890659561230270929474888737035092745532431357292348912568641526900243994688644034263908314947
Test_93,Commentaries on the Constitution of the United States,000_1,141414832819992990212821792646485364331341214033484542132192587852159808534087641805629403791446712827093619491658301239018203163045290354828855830371609048147
Test_93,Debates on the Federal Constitution,000_1,1623517783555936511238155458738101227110914730731128215890847255060198558331940391086398160861225950535865222132689989
Test_93,American Dictionary of the English Language,000_1,7669744802663251887708529728239215630608956323257227853666329487390691172325237531372839139577826645232421349151093005788413797405527532887
Test_93,"The LawDictionary: Explaining the Rise, Progress, and Present State, of the English Law",000_1,1072929294001149175936742303697073524162138053857700428714982964090265237097901160445423309845789926012536520117446727511469363915773529825098278616578487209916656244406473640049147151528000937271779481023759735558855643794207254252196421962
Test_93,A Critical Pronouncing Dictionary,000_1,24765906430891184953118273971816400812903354794730548485747443326573396005881594297034944704474313401206007685463
Test_93,A General Dictionary of the English Language,000_1,502264438263697174324010873601340357533241592518762307039910239439544059939727623751437849501038674976590175593214878171460180077581549005269075
Test_93,A New and Complete LawDictionary,000_1,415502653798677073122546310042340886408682389467677005101358684639150641489167694688059787184589934403971210422365615427
Test_93,Our Police Protectors: History of the New York Police,000_1,2373001480674868307320171910981002061209207661914449148171523007589626053288486820057584056919077363669787022608007097262259072253773806462554648462828670720563965763
Test_93,A New English Dictionary,000_1,5244864518111877412548468483727792740231439837699873242739961214089361914962574686049953099
Test_93,A Critical Pronouncing Dictionary,000_1,24765906430891184953118273971816400812903354794730548485747443326573396005881594297034944704474313401206007685463
Test_93,A General Dictionary of the English Language,000_1,502264438263697174324010873601340357533241592518762307039910239439544059939727623751437849501038674976590175593214878171460180077581549005269075
Test_93,English Navigation Laws,000_1,20501373531056731664756640681108811171967034043717059538809377452160357087181890565333320
Test_93,Democratic Representation: Reapportionment in Law and Politics,000_1,668129992560973542833229919005361695354449014764567790967761603978512258653434460667039092504750162185408050315806918529265462851272457139932646969055973645099035676112339898755396
Test_93,"Racial Gerrymandering and Legislative Reapportionment, in Minority Vote Dilution",000_1,3812904890108298607944627812878801205126804528091809700497131065003228082749343714755236095289500139405703500231777046843054004149880447858538113145392000066369440865419370032105814934241689264185702191676106914072440559788368
Test_93,North Carolina: People and Environments,000_1,106419153650227085241846215835287729532107420088626644336021729037258288958854636654523001300328031085709302923223640596807
Test_93,The History of a Southern State: North Carolina,000_1,128616231924369283391263857357124013362793149130398889537955241535918366696661174532088465846978280042360969997204201915068396779970747951835669836
Test_93,Law of Damages,000_1,18633557157882185492593213358631177032856811144037928671519246922151097562451
Test_93,Law of Damages,000_1,16953542985352171162365047270103138025565084379665185203456141638
Test_93,The American Jury,000_1,72814885818783406851239504587599566869285521946444085427931850018279678283
Test_93,"Aspects of American Trial Jury History, in The Jury System in America",000_1,48130170268703239101032905760575377549233289618772076884339073654484055388940987716376778040094994927483378591106979085777785423186383081954713599964118757918841063207424549690006684655978449566024
Test_93,The Litigation Explosion,000_1,20485877711221087337990832022390999712612584754606485486163333795596772353442822413839439
Test_93,"Special Report: Marketing State Lotteries, City and State",000_1,10190035272801092303602681586544723914448890722267877425661252506659550602477935166106463377578308448684329586665939746175835253744054451544310547458445951592110514948652426579
Test_93,Patents and The Federal Circuit,000_1,377897743264206186840800774596763256407111787137542277043693492674061075283834020685192048213855409519354184
Test_93,Five Issues in American Health,000_1,87986174799549902164953958326969921485573229620696188291443505877530496208987368786234125968297281
Test_93,Law Dictionary,000_1,1110751867589173550302004594920366121526581793901242431382327345377090
Test_93,The Contempt Power,000_1,1221283691129354122472344619365807510502885440809725001374772288818014864230084423
Test_93,Guidelines Manual,000_1,312619329530537613721955584797702452083187464251940712230824216083278554354540179267
Test_93,Battle Cry of Freedom,000_1,5247864014058574637524686411019027848333880219967384557997761356815721888619753611769963341
Test_93,"Report to the Attorney General, Religious Liberty under the Free Exercise Clause",000_1,976288726446522342422075008201191569297678886361679581203127706075987823663468096984424946033654838061808117793267274548332449571697206229285685347321646108071707612186427369075687620571935885060197506732602138591814322075432266
Test_93,South Florida Inside Out,000_1,343695995310741806721757096235691535482580214158582460821690806357093589205940096372943748425803
Test_93,Constitutional Limitations,000_1,343923760898522469918590108824089496993828677618233269579293761368738275797650301243206012989251
Test_93,Santería: The Religion,000_1,24784685669230743316467622459646444873127650694197232989509201410194408091496650642560818276232700879011270520647
Test_93,The Santería Experience,000_1,6340670943014739560547488393103326623788002487976426751533997594673848314004381000249689439101566142827019191086919
Test_93,Concise Encyclopedia of Islam,000_1,1477282385184213120202303820327744676838181943793364629202470964256428179547859675307989042262929452395591
Test_93,"E Cohen, Handbook of Federal Indian Law",000_1,6971641429746121273232462296509421999711788007181709107699776833559194129528020189311506435951222380426729384417216492967519041
Test_93,A Guide to the Indian Tribes of Oklahoma,000_1,1784568992519090358361896154831096833021680329586233707320696802476625699703062606347486509340443190893838684706565221588000141911
Test_93,Law of Antitrust,000_1,18642384518419677297449710246917328225694399515897223027524391060772691408211
Test_93,Commentary on Conflict of Laws,000_1,24763548785985778859394822447000810039913901984305898137678695313278119118719010826851213294670060901614020552023
Test_93,Reinsurance Practices,000_1,80015371259097115793587534563405906339742699953598937150849568542611074877521186612562
Test_93,"Underwriting the Reinsured, in Reinsurance",000_1,456806846811900525529030163642783693428014483123883768371576093000919621956334179491078908074120132769814501782232611518816736669511
Test_93,Reinsurance,000_1,258764096435621287644592779555288193573256892005095973216579
Test_93,"Regulation of Reinsurance in the United States, 19 Forum",000_1,607373207738320082994390554568982167055124099814247467123831666353415185229510290400351288797004557270365324039153515929421958554856888728467989808638789617210614773063
Test_93,Principles of Reinsurance,000_1,20483935042328861546481195240928509933705015862845993895977042156062910651052196760806743
Test_93,Boycotts and the Labor Struggle,000_1,96805932729136880810454349718300404916449865034564968246145538843283446085018708410169626289945116530776301900
Test_93,Law of Antitrust,000_1,18642384518419677297449710246917328225694399515897223027524391060772691408211
Test_93,Boycotts and the Labor Struggle,000_1,96805932729136880810454349718300404916449865034564968246145538843283446085018708410169626289945116530776301900
Test_93,England Under Gladstone,000_1,1343198556159284400599613783937119943253354559696863917761930002203677247166582882015318860621
Test_93,Antitrust and American Business Abroad,000_1,27230392085067699140673699365684643634233935311495401359221862472859341356080006051309752976703776279319591270992920570197057
Test_93,International Civil Litigation in United States Courts,000_1,141401739462148318641640270515497733436566640072935733442081329751576641022695788824382276591404587546126798382418829594083260229521758498067158617735407234882
Test_93,Antitrust Analysis,000_1,18637083977225342137938470377820379589389059240810787544378766963992974160449
Test_93,The Buffalo Creek Disaster,000_1,1343198060778716888902900587356140574338406460060700747851837192215317616013528695450548663379
Test_93,The Snake River,000_1,1110541655988913807851218892518321251113221335736915816141745317241168
Test_93,Law of Torts,000_1,66224801902241543762638699152870921560471928081708513152360776
Test_93,Insurance Law,000_1,16945508319650804887585945135179630505857393906874920783445321035
Test_93,Cyclopedia of Insurance Law,000_1,343793645722857341486842300049865299088771876960425821050761280936008573792042779990265527889731
Test_93,Supreme Court Practice,000_1,312737784837827387453491362971192045415169306364919987105779349978530513783320048723
Test_93,"Civil Rights and Civil Liberties Litigation: The Law of Section 1983,",000_1,12316660774476819105645496616550580417840958707982956606237189646676905969365503629094685866926813966092339775083120599719608966345071232939964893258349443080138758309627808909464953786881800569119054
Test_93,American Constitutional Law,000_1,343924016025342748596363480762432523818410913059680607660915141525407967423571635168303471227476
Test_93,Prosser and Keeton on Law of Torts,000_1,6341873396817119793205960832012638204171274861073516919809948038619964379555566361998847399045857758700590934091083
Test_93,Prosser and Keeton on Law of Torts,000_1,6341873396817119793205960832012638204171274861073516919809948038619964379555566361998847399045857758700590934091083
Test_93,Principles of Equity,000_1,5247856243383005755845212731839932425642575103272234328693786994445475856098385629578224461
Test_93,Measure of Damages,000_1,1221053462122578175513553633010404320304590733149879937895275499545036792434812243
Test_93,Remedies,000_1,60213957182992753464364520085921796984458031820612
Test_93,Law of Trusts,000_1,66237356105712317124166719146270274935051163614026506303398739
Test_93,Measure of Damages,000_1,1221053462122578175513553633010404320304590733149879937895275499545036792434812243
Test_93,Law of Damages,000_1,18635268817936136219563136972752036822188649692700171349925499709262210037075
Test_93,Law of Trusts,000_1,66237356105712317124166719146270274935051163614026506303398739
Test_93,Law of Trusts and Trustees,000_1,343728460571614637470767355535553571551791380942913218770876694385146104438261673746992269324098
Test_93,Remedies,000_1,60213957182992753464364520085921796984458031820612
Test_93,Equity Jurisprudence,000_1,312589107795246673458575438386571749614241863105638014800188538919885521427333214032
Test_93,Law of Trusts and Trustees,000_1,343728460571614637470767355535553571551791380942913218770876694385146104438261673746992269324098
Test_93,Law of Trusts,000_1,66237356105712317124166719146270274935051163614026506303398739
Test_93,Public Land Law and Procedure,000_1,1476862433045054777967331635373801373108050554262192519911928908101876074763992699887948267905185794842946
Test_93,Commentaries on the Constitution of the United States,000_1,141414832819992990212821792646485364331341214033484542132192587852159808534087641805629403791446712827093619491658301239018203163045290354828855830371609048147
Test_93,Nimmer on Copyright,000_1,4770644719015233879292899432320999952881411068998103882229072801921773417097550
Test_93,Administrative Law Treatise,000_1,343761053147235987633397848125602191971975480091757387677126735790182788101249036516897504780612
Test_93,Administrative Law Treatise,000_1,343761053147235987633397848125602191971975480091757387677126735790182788101249036516897504780612
Test_93,Administrative Law Treatise,000_1,343923634081097183804158148447108365466454400412926850214130632749796884658736397827759767183684
Test_93,Federal Practice and Procedure,000_1,1476161966000443018398551341535566954865796201751947245362831998533560517131865101426181182702554733703767
Test_93,Federal Evidence,000_1,18642384518419677202900190003594886178261282262073947585853845115641179500364
Test_93,Civil Procedure,000_1,4339697241325971490045376091086976495036039050456889303790078746954
Test_93,Civil Procedure,000_1,4339697241325971490045376091086976495036039050456889303790078746954
Test_93,Federal Evidence,000_1,18642384518419677202900190003594886178261282262073947585853845115641179500364
Test_93,Prosser and Keeton on Law of Torts,000_1,6341873396817119793205960832012638204171274861073516919809948038619964379555566361998847399045857758700590934091083
Test_93,Commentaries on Law of Criminal Procedure,000_1,456893322848457821908536928813329530554590633022025456008763106028165551917437654122824692572093882999752055162000081428584273766722
Test_93,Nimmer on Freedom of Speech,000_1,88011173305051478976233020129087648260086060212196829897873068680601014444377938696949656321878350
Test_93,Nimmer on Freedom of Speech,000_1,88011173305051478976233020129087648260086060212196829897873068680601014444377938696949656321878350
Test_93,Handbook of Federal Evidence,000_1,22524460748684774930958868470466331008992406259510231731855247984522197423365044596598753368995885639
Test_93,Scientific Evidence,000_1,80022959809457372170125454397529306792257819367633557286776143130677873293673183144263
Test_93,"Pleas of the Crown,",000_1,72794018714750738699064418219584184489779614283956012470718616294967697733
Test_93,"Pleas of the Crown,",000_1,1221397672200350012041963060017628361651015754895036196600885916647888815310463304
Test_93,Commentaries on Criminal Law,000_1,22526588359428761290165129564714628923479768982036858788176559505822990808678351992537175572847225154
Test_93,Federal Practice and Procedure,000_1,1476441934093215243924871021820638010400561407439101576554694497171180991115762621544353792389213684593239
Test_93,Criminal Law,000_1,15411855744562253925566173147911527596592817558742066
Test_93,Criminal Pleading and Practice,000_1,377861766817472272752187363888069442480756610071202347935704226397235357652486436821636784335235463627499607
Test_93,Law of Injunctions,000_1,72808064846964325923309372245869592731298146974105017273512867821011428674
Test_93,Law of Injunctions,000_1,284352372790536759743964505469198690004421474538561841481474924083636552
Test_93,Guidelines Manual,000_1,312619329530537613721955584797702452083187464251940712230824216083278554354540179267
Test_93,United States Attorney's Manual,000_1,96769308423112789582757857508975512863004303150851536819054419958818511803848462619979984714762602804006843722
Test_93,Commentaries on the Constitution of the United States,000_1,141414832819992990212821792646485364331341214033484542132192587852159808534087641805629403791446712827093619491658301239018203163045290354828855830371609048147
Test_93,Substantive Criminal Law,000_1,5246869367585755081811567543035940766913869971629796327424651688159031835553239677444449612
Test_93,Commentaries on the Conflict of Laws,000_1,1623516581102134133786626017463565343600769783120227211397286634552879532388324549088138028982757990053947973294847059
Test_93,Prosser and Keeton on Torts,000_1,88011173305051479304277906479291023086471300502478090970011418940328925984424306776442167087162699
Test_93,Nimmer on Copyright,000_1,4770192406166650612904526108160809765741359233120503723775793670734242506434894
Test_93,"Copyright: Principles, Law and Practice",000_1,117042368892834883870373583152658106905932564257242023623762544031748024838723111271444391203135409438992714529765590075822667979321159
Test_93,Commentaries on NonContract Law,000_1,378184290060345878849121488147994892387754089647494742335941488625922787178427970977067967619677613448194370
Test_93,Law of Torts,000_1,16953542985352171162700521413611980277409450548660994055975756865
Test_93,Administrative Law Treatise,000_1,343956481286215577392299227133833966689301355340774713436172140514542724057195081632146974466372
Test_93,Guidelines Manual,000_1,312826713162361647027959200431853012126152670794476874481018884616236726769725304643
Test_93,Federal Practice and Procedure,000_1,1476442480905896439677852114946194789805902745731459299857803603613832593604012421388334598267507940356695
Test_93,Cable Television Law: A Video Communications Practice Guide,000_1,10190031498838667481847223607105785197589019003880050467633467980513590914156457136021921649092871581891280989176288603682394247251000141758464938196203119333205786105633465670
Test_93,Antitrust Law,000_1,16947127811898534651223014788872458094653499585977215434375918145
Test_93,Antitrust Law,000_1,16956756885960617819514738889847658654935800599229023263318700609
Test_93,Weinstein's Evidence,000_1,20499468804916307122294369279967193641816776945293126068829304770578555174457911737410903
Test_93,"Federal Taxation of Income, Estates and Gifts",000_1,502264625788088044968419743998966789364852517207304909483912791110145850343662395319164854714610354679722265205090184535140425776722115523012930
Test_93,Antitrust Law,000_1,16947127811898534651223014788872458094653499585977215434375918145
Test_93,Antitrust Law,000_1,16956756885960617819514738889847658654935800599229023263318700609
Test_93,Restatement of Conflict of Laws,000_1,6341861654104205924064293927160335704648854728499647501193800570262628726055203006861770667801486889213186180869998
Test_93,"Addison, Law of Torts",000_1,5246867417328312488890520149437234409955306086798533843881019655308453680432818791284436846
Test_93,"See United States Sentencing Commission, Guidelines Manual",000_1,668193803804553602226681420278386582008358472332689615660661765542435907256137231633429997549671599607516415152229678685162434803180889022894712306126703401247226372599992255737710
Test_93,Collier on Bankruptcy,000_1,5245379340545417951162756764583460915676132927713601464789377630647143626019252309493509998
Test_93,"Judicial Tenure in the American Constitution: English and American Precedents, 1969 S. Ct. Rev. 135",000_1,5574679918004827431327618771682648044049160384333061739037945192705740080982174062677998500709266951764322059140908437534038996833436135048988053173689666695815248823307258926186003971397020396416128454705464980069262397059468897507502374937685548719003114766728525977446746
Test_93,Records of the Federal Convention of 1787,000_1,117019970920462062343695241201238700662309960699077638688704818472586702716320251186801188705621939980402919447774634314019783601971526
Test_93,The Creation of The American Republic 1776-1787,000_1,1963643650389323077294274203538236397229826103701977148419575571207591268211446940205891851612752516283629861648836025572356924864027603988311
Test_93,"Parody and Copyright Protection: Turning the Balancing Act Into a Juggling Act, in ASCAP, Copyright",000_1,365307600795971871356668073150547643542984198560417967211591420020998221878056128815299856661241593020234054440615508108469574110899705293231339575329621302863449927796308907328750286539149311379190566238200781391223020559734194928889090359934536286419530930969686401347291932994
Test_93,"Parody and Copyright Protection: Turning the Balancing Act Into a Juggling Act, in ASCAP, Copyright",000_1,365307600795971871356668073150547643542984198560417967211591420020998221878056128815299856661241593020234054440615508108469574110899705293231339575329621302863449927796308907328750286539149311379190566238200781391223020559734194928889090359934536286419530930969686401347291932994
Test_93,"Freedom of the Press in England, 1476-1776",000_1,29942938668161942344297501331823084564760518192991413969995811528034228133133014364393928059741653459292580158419254334145402541846128979
Test_93,"The Country Justice, ch. 104",000_1,22537218199819635313006774559127765082463519173193183660382631419222048254208545002950398060696199492
Test_93,"The Declaration of Rights, 1689",000_1,6340069716113549364897108192068469052181424682606385345068213040111974946718199341838409035309670114837454687593299
Test_93,"Reconstruction: America's Unfinished Revolution, 1863-1877",000_1,155561251384619734135159530429866263018159050068067498837650203521054183897881934387186553697958017906956994572339836846753536674001614260613178656262211621600809028841286
Test_93,"Criminal Pleading, ch. xix",000_1,87994290223564870709632268487648828800475505872081441287893112153502183998845780818551405472216147
Test_93,The Country Justice,000_1,4772441588676620778439551992264028007182604083322165225331522973102454199836996
Test_93,3 Edw. I,000_1,16951935900188340007642853186114406230885907532031412765126255959
Test_93,Criminal Pleading,000_1,18633515747404104674106139950202100409005671542625425143652014856779679757395
Test_93,Exemption of Tangible Personalty,000_1,96814999215853217214771191566814749711714085207864802983660921269024305582342443646418296297276085036516598090
Test_93,Parody and Copyright Protection: Turning the Balancing Act Into a Juggling Act,000_1,976381263735921298203582908617940319116008651063049365635875271625298389061091131043137426444930792310434565207546706901802609396503733009874631146754147408895158650815716570478708467726088513446103984142992804232039586168269122
Test_93,Parody and Copyright Protection: Turning the Balancing Act Into a Juggling Act,000_1,976381263735921298203582908617940319116008651063049365635875271625298389061091131043137426444930792310434565207546706901802609396503733009874631146754147408895158650815716570478708467726088513446103984142992804232039586168269122
Test_93,Legal Problems Relating to Refugees and Displaced Persons,000_1,2373225551102893811709333316094004231688457251609583550025130323408237632960771413441650879251584387494691650867185814264693650638679145396550884412074334846950926411
Test_93,Legal Problems Relating to Refugees and Displaced Persons,000_1,2373225551102893811709333316094004231688457251609583550025130323408237632960771413441650879251584387494691650867185814264693650638679145396550884412074334846950926411
Test_93,Use of Behavior Therapy with the Mentally Retarded,000_1,552245387100738203334330067959632943529953806698682460183404811409674133117365609412578502709736214485259978159463063149202326910924976249151789901748003143
Test_93,Pharmacological Intervention,000_1,87986174799549902342230323643756111752782627212733266307587857698192695178091262297469147866360147
Test_93,"The Psychotherapies: Individual, Family, and Group",000_1,552664381098548911738200967076482532206041762402011631979375705979573898681880658967265533591772521835801980429751042401961427992537052430979683202223008078
Test_93,Employing Psychiatric Predictions of Dangerous Behavior: Policy vs. Fact,000_1,13551291194062919021374244339874136444618327202240606585273230042661491219306774021077554730155605528832185727466248820481323890881057257870918827112166349193098211527718335651311215267206956486051807450135622739
Test_93,Racial Gerrymandering and Legislative Reapportionment,000_1,36205696692162170251283892501268414950872151595824980689516553770887406229622538635777524441666478920475387469560211855996948149896172623323772258040879481250128
Test_93,Aspects of American Trial Jury History,000_1,6973622015402613936975037476415729377531071607962144223306409694423294860367653928638058081893776903392883446538101179886494036
Test_93,Underwriting the Reinsured,000_1,1342434669610827860074798447760270097996566722039259256520802849515010058053226395895728074567
Test_93,Black's Law Dictionary,000_1,1342435166934064279382861916402420904263715904111239550277274899511083345934196233235815427950
Test_93,Black's Law Dictionary,000_1,1342435166934064279382861916402420904263715904111239550277274899511083345934196233235815427950
Test_93,Webster's Ninth New Collegiate Dictionary,000_1,7666127655415053359781492335877039070461211560965590633405910428524753181160415307731943696258973822947746652098531686942708512116443148142
Test_93,Black's Law Dictionary,000_1,1342435166934064279382861916402420904263715904111239550277274899511083345934196233235815427950
Test_93,Black's Law Dictionary,000_1,1342435166934064279382861916402420904263715904111239550277274899511083345934196233235815427950
Test_93,American Heritage Dictionary,000_1,377933579180081032349180575412770738649306447181881250282559588978553487685272312499981122212902387547336558
Test_93,Boswell's Life of Johnson,000_1,22530818647596383333529246981080856780473560888014120303373010796086225731408378620360393042050379630
Test_93,Encyclopedia Britannica,000_1,343826110983730169812372643022759556353032457066581797616294844464971946179807074929214025068398
Test_93,Larousse Modern FrenchEnglish Dictionary,000_1,29940132726431492757814037844770558833564469934545865269090537452029386236037649522621208341680639016800375106663181970307338028292468590
Test_93,Webster's Third New International Dictionary,000_1,128652862549295935402541312813890272593212458334027939475724473211183398982713494674964703186200534747338766049963690032413553094813310983476309870
Test_93,Larousse Modern FrenchEnglish Dictionary,000_1,29959996132120174275468057603985759885215888569753857619035058767744909383086769024584666718325969072737864817298509465495920799159119726
Test_93,The New Cassell's French Dictionary,000_1,27235546497910286874127465237836938555714636104215397209936387944508432328836653258990213076783549102139897915861826453598062
Test_93,Webster's Third New International Dictionary,000_1,128652862549295935402541312813890272593212458334027939475724473211183398982713494674964703186200534747338766049963690032413553094813310983476309870
Test_93,Black's Law Dictionary,000_1,1342435166934064279382861916402420904263715904111239550277274899511083345934196233235815427950
Test_93,Webster's New International Dictionary,000_1,456806339120916497705375894282162271100581511136122213664190695314165320530206845075242641892047219918236100103190227966188104675182
Test_93,Webster's Collegiate Dictionary,000_1,6341272169915929704698301754256525121740943313963459422147716006407937550142199575845702318514337730975531985235822
Test_93,Black's Law Dictionary,000_1,1342435166934064279382861916402420904263715904111239550277274899511083345934196233235815427950
Test_93,Black's Law Dictionary,000_1,1342435166934064279382861916402420904263715904111239550277274899511083345934196233235815427950
Test_93,Webster's New International Dictionary,000_1,456806339120916497705375894282162271100581511136122213664190695314165320530206845075242641892047219918236100103190227966188104675182
Test_93,The American Enterprise,000_1,343695995310741804984017636243698887695368012645782703103595268650370956125419642383559617900398
Test_93,Black's Law Dictionary,000_1,1342435166934064279382861916402420904263715904111239550277274899511083345934196233235815427950
Test_93,Webster's New International Dictionary,000_1,456806339120916497705375894282162271100581511136122213664190695314165320530206845075242641892047219918236100103190227966188104675182
Test_93,Webster's Third New International Dictionary,000_1,128652862549295935402541312813890272593212458334027939475724473211183398982713494674964703186200534747338766049963690032413553094813310983476309870
Test_93,Black's Law Dictionary,000_1,1342435166934064279382861916402420904263715904111239550277274899511083345934196233235815427950
Test_93,Webster's New International Dictionary,000_1,456806339120916497705375894282162271100581511136122213664190695314165320530206845075242641892047219918236100103190227966188104675182
Test_93,Webster's Third New International Dictionary,000_1,128689350271914680062716457825456763764327622918031866598245806741320621803025017204032881812832410889457730091547537039755135021530997977289551726
Test_93,A Nation Dedicated to Religious Liberty,000_1,116942596106810505963822980361698804963017468475747294292223220748509929037380916755028208811909644988655232690516748055207937453289326
Test_93,Encyclopedia of the American Religious Experience,000_1,141482133935478247215924202583387164280286098773746433275455168270908049794643891285118972830404115744244448439759112043294099444996113701647782026232320716654
Test_93,Webster's New International Dictionary,000_1,456806339120916497705375894282162271100581511136122213664190695314165320530206845075242641892047219918236100103190227966188104675182
Test_93,Oxford English Dictionary,000_1,22541540301272783297777166909459344677966158993732312253012252978296601029797345924510558256197758830
Test_93,Webster's New International Dictionary,000_1,456892815818529762866096388035097886076927703723128869076172635930967937198193214380258109843800101712938722595182493421828034228078
Test_93,Webster's Third New International Dictionary,000_1,128652862549295935402541312813890272593212458334027939475724473211183398982713494674964703186200534747338766049963690032413553094813310983476309870
Test_93,"Historical Statistics of the United States, Colonial Times to the Present",000_1,77349533240845313603328782790032747482936497926084289582337171159794623809270755480324307958728637929702011116513053161125339049006014080355297294442250415972320174594779438312137224836011711457004253163296845337814086569541912926345294783509079206480143699
Test_93,"Property Assessment and Exemptions: They Need Reform, Table Cl",000_1,19795849872034796702808530498238193837545603593655451351024687092016049188224653720580439635894587832027640512398954772115878757023861238921083084776668131565375745681577711336432024249281258668710273927481909991539413788119430190651313585119386270620805588307
Test_93,Handbook on Procedures and Criteria for Determining Refugee Status,000_1,7410720095370747271495183663331072796357197087417692527569986993075851875531930397871372330945903064401283475373736774661467564092005568445021256630638319784925007023485262848198503041699058694756819341369361553356625982277314361780317177787376863071589128691735382455416680706383579347875748852794149329856079
Test_93,Diagnostic and Statistical Manual of Mental Disorders,000_1,227331478087213192576139591062192842429164840638979009944610507639933960099218083326709365045513602437323946360673670392673332015324534899459521178285610945944982898730843933228224663442762383264566826827357181907920211
Test_93,National Prosecution Standards,000_1,155458114685662593418430772301601486573572563271670435745957800902145223995322918128523629835902504689691861403284444357297969665075553612763103381075048987162950245835086
Test_93,"Attorney General's Commission on Pornography, Final Report",000_1,249929913970309720922147429810895479251754786801382058327145463213032356163444404930781378366216801905140972453251566859816430236722304016854200857740802093269291754308445022807086446392637074189104254202698696317963198258003668565
Test_93,Guidelines Manual,000_1,502359893993358917557644250704050731567927122143048263239787981944256905502485838941051742521483183221357747004018233947773221361989509513309781
Test_93,"Report to the Attorney General, Religious Liberty under the Free Exercise Clause",000_1,1297710307161918885865316396495056877978141881349342517177720756637138529165046293846597111267811660198891725657333122864422311602446298764572409851766599182365517999546823121818980664041112412950151539694128488984799027962179010067233280803837717422910799299489365
Test_93,"The Federalist No. 22,",000_1,5244378866065921564304035872097039719888950413061850141427430770572609955982955051465138504
Test_93,"The Federalist No. 76,",000_1,5244378866065921564331777657217537728237662771586393341390603392183404205066010666411581768
Test_93,Multiple Defendants in Securities Law Fraud Cases,000_1,32922633624088220755176162104375335289192675401290519505931508728349641114145441752934349778417892011493672673359702641101746962234189193274437432658
Test_93,The Religion Clauses of the First Amendment: Reconciling the Conflict,000_1,12317824196834313064972520421812770377282768934680798259000096827408735921814256667285513555489367561139838270618775812484658396005973492322145180435887375107828063332169531677513385962871363594053699
Test_93,The Religion Clauses and the Burger Court,000_1,116986915498952468166528021799666644035148199849043417721769119512827321049420986801776975622010992229017077105985515387117535799440715
Test_93,"""We Know It When We See It"": The Supreme Court and Establishment",000_1,734478004933998477044967142438155898637086281501121947739746579266281406273100080348618325689139330556514369486574670302053246429062167917112602596608737808852248204288319879203576675063456077
Test_93,The Establishment Clause and Aid to Parochial Schools — An Update,000_1,188044191296766195875315747905877376060366129149611616459119268075957128980848683059915463870161188800815396372254050841735061834472326761761303749060338280538074952207829687458615995443400632387
Test_93,Verbatim Reporting Comes of Age,000_1,24770594413734100241741122833802495712955798657540837463166225525786814400646442631114038742234923768155464819026
Test_93,The Federal Statutes — Their History and Use,000_1,7669747652967697444026762429308911871597588757639588623096595669880155115186897578808592642732982566407500407520467718100797132340652504900
Test_93,"Note, The Definition of ""Business of Insurance"" Under the McCarranFerguson Act After Royal Drug",000_1,84998375881282687434181348938509528488427235016392898857451567501724697846775722468605628564867944550234039962759282014868065946302790710662902128372111429499136311322378398258292518692870355144723048942534327914589537670151413261531997608093899077294852644915625553774
Test_93,"Uncle Sam versus the Insurance Commissioners: A MultiLevel Approach to Defining the ""Business of In",000_1,21778157080218606264519145416582170967601582844623849398829697903275594367519883024555469952590161355632839895752906018140738833250056159802193035506973591389135645755698516754563109550050522025668539419250399677894569739834900882132740304719074348210363352237035662831432
Test_93,"Note, Trading Fairness for Efficiency: Constitutionality of the Dispute Resolution Procedures of the Mult",000_1,102815202963558710891745071158127488555042313896672832571964497274841886356537303539023327782167537231529937710035233144183591975928230433726659990905024794894022659893081701444894398271181766498492979642240664531062884503390928922852538902530324769004756631347017064989178238087009911621775214
Test_93,Making Decisions Disappear: Depublication and Stipulated Reversal in the California Supreme Court,000_1,85038555600118584587498811117145644152077176859558223378886007288850268725899565846890509660916007754271473401328634226754085029688301820127645471332667331057011445420057637092408730861739478924690279575233394116572782451828818831761217148355433187126068617314015797570
Test_93,"Forfeiture, Seizures and the Warrant Requirement",000_1,8427398161886253938244520599150597389065989121191505313990927598898131959705752037555746827806425665428815320273039956940990830198673125810157749366595
Test_93,"Civil Forfeiture, Warrantless Property Seizures, and the Fourth Amendment",000_1,206756774866528933354392090377888537029458217145831520794937622975380566495104464727907474652738018648525233669985763546901513553628065823934538555774418104030311723909248439785191838036414574429142749898817
Test_93,"U. S. Dept, of Justice",000_1,1342689796431106081070941170633040639850828820114674288238017333209076626547364044129233564737
Test_93,The Case for the Nonapplication of ERISA to Insurers' General Account Assets,000_1,58191342738063475312346114210680802236459040744755667056169965791728037704445047831862045683472946686236568322282012672617323036728159664001830421146056587051516056369992592789969199627590002693648796038328607223076122439
Test_93,Insurers Beware: General Account Activities May Subject Insurance Companies to ERISA's Fiduciary Ob,000_1,5572568803530797103698949088517938711137937042520585727663821819802664492170642429058630933766603031746454913242268593169188110761053365402804079762012307824892369897346545880456185285001658950146162892709502421659306980368282781897353489750867005425433044825227953357811523
Test_93,"Federal Judges — Appointment, Supervision,'and Removal — Some Possibilities Under the Constitution",000_1,93456529511993463876456033604101715891833330240133283838182980863633149517839042914315195964859060360008611260857920054265385554499770375243746883884779645012943363239698967844994675861905706708016014319287364176148609440911517598505457753646101011429787766079951267329148467636307
Test_93,The CourtMartial: An Historical Survey,000_1,456806846811900528608533295939753562746761448211805536243079390038750970409156973627876079998460580813717410501350670879230289011539
Test_93,State Tax Incentives to Fight Pollution,000_1,1785755587983068862417607032309770374595477368674539975821360112417174859325121616072194557522894878100484356597030673947734991693
Test_93,Fairness and Efficiency in the Law of Punitive Damages,000_1,36198831894502039628946236818444604225413759473267341959550866192493325004805832133714586065962428777300393368028749726418047582369714589998170715616969533189189
Test_93,Participation in a Breach of Trust,000_1,24765842284601768939122327618217487901325208140233563709102934968659004143642689272037601763496508728117767922515
Test_93,"Federalism and the Admiralty: ""The Devil's Own Mess,"" 1960 S. Ct. Rev. 158. see Castro, The Origins",000_1,21778124835679352416426490057156626781857004804468979058996863559667692931495876345758368329469327501616642296793444692996030836029806745885389929185350540967223371129687775674315862755312680198561382085116902603876780308468233235681612833283014101942878670464410321057091
Test_93,The Inappropriate Forum,000_1,20493602855487828707010369627100862718557954852593124787490591529464997907113719722762564
Test_93,The Inconvenient Federal Forum,000_1,96796687062841171096565092041926736974373338060887860652208419038180292634724761311756275316276657007557177922
Test_93,The Doctrine of Forum Non Conveniens,000_1,106429082955788576649762893112944926454325030420946870599733854928593676550665291879345932411576234306310608290002142126402
Test_93,Forum Non Conveniens and Choice of Law in Admiralty: Time for an Overhaul,000_1,206756774866528932799352867363150033431461335615343140910225052236880974796680130032432207229101625138899837579479589779589847008547929661089332683342389659368530849908297156720412522738752827294780469112915
Test_93,When Is Parody Fair Use?,000_1,5244882017309008062057245279537077186258962641237180940786750511154079746834024162160504656
Test_93,Toward a Fair Use Standard,000_1,1342817111179626986025467160012333432319117363049032342926916249634231486439923931649316119884
Test_93,"Forward: The High Court, The Great Writ, and the Due Process of Time and Law",000_1,227288218729558859053483668120601798071239966770497357640171631619096331950941788629695551123713279804037450500059537461533110424934203163411119950180319206426483804748719390881879492136481352534734681115653297635813709
Test_93,"The Control of ""Sunbursts"": Techniques of Prospective Overruling",000_1,734547078367688308757337388710943449706433130250620970120472860968071125712651013582310362601755950038840848877711885496820764064765150917970713102142584360117417622331323905230344128209380179
Test_93,"New Law, NonRetroactivity, and Constitutional Remedies",000_1,9266025703290855492271672253807075854583970612370767713800188556369702232590139019200087628505429905572997742573419599049788187109114829554555420093458466709725510
Test_93,Ten Years of NonRetroactivity: A Critique and a Proposal,000_1,155516967676357289328999480837286535080204550563668018447661956738243200978456551317855905665196581234597945919485573890783435559450520696896318412743343882723925515920706
Test_93,Timing of Judicial Redress from Erroneous Administrative Action,000_1,43757488165403413196632310266574154357888956355983172956112300557116411734856435947830203701443538263035421029504763250751176119442076060063778329971581523515016995114214608774486914131
Test_93,"Legal Problems Relating to Refugees and Displaced Persons, in Hague Academy of Int'l Law",000_1,1073440409349942138430245245589003871813232136952120071252907318647337521741190542698443635521160112967675501729221935512177414314119064339877675317994191393159537975692429182084305556160503160049638317036672911439160169722489589992804935755
Test_93,"Legal Problems Relating to Refugees and Displaced Persons, in Hague Academy of Int'l Law",000_1,1072932077666088671107863026128973525376579706304851653981701725672838880034058158432813633989027802223279041234486158067663956790694700090890371063677448309466215096226360531324830666099620519560439850124424908018095877383001326123877492811
Test_93,The Limits of Antitrust,000_1,22530860366093178709454400434359856069814538408687781250457486224812207960809453622507708600619852101
Test_93,Testing for Predation: Is Recoupment Feasible?,000_1,128640668219021261042962814457116750195348389295899513708431995272956521253164324326961061502601167742031552908602232310356291554222220058606332997
Test_93,Predatory Pricing and Related Practices under Section 2 of the Sherman Act,000_1,13547438555463152146244632563027704452791522572181452178786636476927894374202811232217976193023915715672366554085773218250799824391899519932309441931740553938509854210504271960211108738125340783693116661037363777
Test_93,Restraint of Trade by the Supreme Court: The Utah Pie Case,000_1,39819876907956387098866806017738846740564988357318697495282620145921737958592187611324165800188594055652866671382939331510324619602003460882228529144955043822135853094235970
Test_93,"The Defendant Lies and the Plaintiff Loses: The Fallacy of the ""PretextPlus"" Rule in Employment Dis",000_1,5570455625406254474812127841222897383760515924705734448530090043043619284961886025844571738371130784318516153088054966954219709445469309972041662323111519314830905937575767808925239308002388439792542428089802628227358575548329081461694200885278938771755771767183732487643468
Test_93,A National Study of Prescribed Drugs in Institutions and Community Residential Facilities for Menta,000_1,332308182053890879806434734542020178717699032921655396849611035766685437065126713702044389624250598205721821307152160201116440903405516479282828709453557605011701198135016385252565381125350413311622212083817526241598489770732062624520293555486654572375195014860138824
Test_93,Medical Treatment of Mental Illness,000_1,1624134644705100140694867008662896551839809727498961039540960210368416204603759302928686976527950192895817912998323522
Test_93,The Diagnosis and Treatment of Dangerousness,000_1,29942960849519495928489343981623759034563677713969799104504559107803390663004029679066202622452990166911567610296300383085567393893347147
Test_93,Mentally Retarded Criminal Defendants,000_1,415660416940003157246749467898356936438367337350776484322426282301815657508657099253210080592319332548376806587296934981
Test_93,PoliceProsecutor Teams,000_1,5244882017309008153988023046003891987467349675069841664192948155693663693649938363080471874
Test_93,Absolute Immunity in Defamation: Judicial Proceedings,000_1,36222751423849057222268453368508889150597738648513361814940544407502553640256041364136927841650510168381286968038482758239903568608881073038271809319735040238934
Test_93,The Competence of Criminal Defendants: A Theoretical Reformulation,000_1,734199807600672880558082828867125375089626692023197054115277961676242474121328732827429732350083984994736950594662702328542709050996664471597785001702378140946806425358201913280310249647927106
Test_93,Mental Competency in Criminal Proceedings,000_1,457109938329366981507857415361944439834934414468251381338488709076846625810212986913375208715201183928881008939756243798759559686483
Test_93,Rethinking Prior Restraint,000_1,22526588392021336889139999318876675705063582016169366348672277651831410310883424170314830005223712074
Test_93,Frye v. United States Restructured and Revitalized: A Proposal to Amend Federal Evidence Rule 702,000_1,332087883401990737569155948793977921356277228849867530467315545932356245274313591552078949194400805092086813423146863296343571913839968837979563411558269958214429311258813207861565605948792832968018519328697690555257533951862653064935791321368853967263121646301574227
Test_93,"Introduction, Proposals for a Model Rule on the Admissibility of Scientific Evidence",000_1,274748752676654008930987434994998732679490793782042751748007170133385012895365967748461984034392645761668921414455627496884184959570296074449396649223180187922573007635609914244219450574586809647474861248121914623795816057117464351608844870978
Test_93,"The Admissibility of Novel Scientific Evidence: Frye v. United States, a HalfCentury Later",000_1,77305572523330454484876358339144481014259385635921073364062203364002250733700777251418566347657919418496740166755144849773328015627328767169362973154743974225456139455402214537119610871491987169268075556406365911863932845214157008852969752426709616756353351
Test_93,A Unified Theory of Scientific Evidence,000_1,27248467834214307510046810007595917950931165599193279594341690722435455973067231576466270876712518985826833910119923072461890
Test_93,"The Federal Rules of Evidence After Sixteen Years — The Effect of ""Plain Meaning"" Jurisprudence, th",000_1,1426307126903942600893127354969124894744047501451683593748747430648371534377071798307946059510947509191240288433278200022755282344175625383684729996634034408076938845938686538163613970546565912845434683740385866899908020767174952900671541964430495262301688318281042025521571138
Test_93,Expert Witnesses and Sufficiency of Evidence in Toxic Substances Litigation: The Legacy of Agent Or,000_1,85014529639717495776921251877931950090175365040121806176480994759587738229038229005119823558523074201956842899318139231757800476103278804974853028805724587569165876484019072242939062687547603699760270160979656973706450931725756765731301025774183442960895260036465783367
Test_93,How Good Is Peer Review?,000_1,5248361337294984342947118172404233343916629412452821587810317023648884850334573405110101330
Test_93,The Philosophical Basis of Peer Review and the Suppression of Innovation,000_1,13541027524043227553445015366185228871449965717282749540984088931980915050196325260122155949209018970977921850612478510774605719980119179894529704129787841193133388882939392152773854868227952078780803350533402440
Test_93,Police Detention and Arrest Privileges — England,000_1,141374766723539253716991016122231161830346428891840138749927731683109541471549168558714142276164564610301572774376693111756139839017772278901414203291048110423
Test_93,The Uniform Arrest Act,000_1,80030400145943405563959168677683920256526337307542520557581898793045018067981888020823
Test_93,"Dragons, Bacon Strips, and Dumbbells — Who's Afraid of Reapportionment?",000_1,13542306720453306184356896349121104043519338498227525088759431602142770749931521698992018737631509042911423976053155631557985377793219018815067932818525828377425057522345339594099817902152030360768143891412248915
Test_93,Defining and Proving Race Discrimination: Perspectives on the Purpose Vs. Results Approach from the,000_1,365169111554401841681304813624472178130338360318962666199372837003394683666295988148318482496906951266971627501218421659759165732155501646347754504977780461193271135669616313162125537868354950321754351309713923355420454005061362180109421245148962776919824484302220200851535129666
Test_93,Developing Federal Labor Law of Welfare and Pension Plans,000_1,607200224502919898315345688090282113996198199556443731070222908302012695677761995056327664685964956264936137142050481459847486838749414225626595685130677975018738380615
Test_93,Employee Benefit Trusts under Section 302 of Labor Management Relations Act,000_1,13547433539006642033125977133794248900020116772079678550276734265247976274943981933992771518589582888473439778597998268455415561020975479139493127968142951071576861001342263641885506255121318356304417087593738055
Test_93,Section 1500 of the Judicial Code and Duplicate Suits Against the Government and Its Agents,000_1,77356836161344524693003008433076236068051555068140724258643510651837345919040654874909390094855186334542401625308049579228513101131813598420354669074671422283111672376349422978121724920383252049348675258074653172699043722888910376154951122382109215434498899
Test_93,Section 1500 of the Judicial Code and Duplicate Suits Against the Government and Its Agents,000_1,77356836161344524693003008433076236068051555068140724258643510651837345919040654874909390094855186334542401625308049579228513101131813598420354669074671422283111672376349422978121724920383252049348675258074653172699043722888910376154951122382109215434498899
Test_93,Punitive Damages and the Rule of Law: The Role of Defendant's Wealth,000_1,12317828759274930637649293232718281782186908989064893432360274597226696145164196541177191629913577907720754890853980725490931657222556464327467906300577522310210068510881812746618950687721521411154497
Test_93,Problems in Assessing Punitive Damages Against Manufacturers of Defective Products,000_1,3812181942534869310711437954776625634273734220011156580995096776304925433198744944266460753326087672093098680481595929834139334685427221052782073427113727381962595818640637644896609887019639831962447022551633998781334308616015
Test_93,Fairness and Efficiency in the Law of Punitive Damages,000_1,36198831894502039628946236818444604225413759473267341959550866192493325004805832133714586065962428777300393368028749726418047582369714589998170715616969533189189
Test_93,The Asbestos Litigation Crisis,000_1,96750996270100744084697882967410915507312867648745054193416260093639887096893680742254509875903621572873253442
Test_93,"Interpretive Rules, Policy Statements, Guidances, Manuals, and the Like — Should Federal Agencies U",000_1,365169246797801810408961379588637522270321429108018933325108573898133157643598550839648766022946898228104206756333961944363322993995275842513778120725781394082820384947769446216581316780941363913416081861649997161679244648121553095484465578999411320348118505213046901864865754689
Test_93,Vacating Patent Invalidity Judgments Upon an Appellate Determination of Noninfringement,000_1,63951759046955126465763134038366548454052308615595122675556889636208956551564562016866197069294098365460420167851558892145256859539260682970510572620227064993798649497495727082341967409412661445167791133879656445049974375607722534226
Test_93,"Morton, The Dual Loser Patentee: Frustrating BlonderTongue",000_1,39801051321954445269649330457101595348015518368602252892226767779123092426094498194013176042334157141214614602726247784345105896346465063487389456488955806701090109741557079
Test_93,A Modest Proposal to Save the Double Jeopardy Clause,000_1,141388331654218375377479312579588866580558676707952248156554852693063751041723989805120602259267061972399225248060894725122242750153627832619462687294850295892
Test_93,Double Jeopardy Protection against Successive Prosecutions in Complex Criminal Cases: A Model,000_1,77320264281040631983686299531887412149463993680799700363603798918294195698674644641350505611460826557163217936265231566506260768937425550511281177328231422202095520848995235576852469760604669523810208528701342928087093734519324613991408485584435345689505616
Test_93,Contempt Finding as Precluding Substantive Criminal Charges Relating to Same Transaction,000_1,70329012670790546646373279560382033137491164464673366213093286964002341807718740751411101666655523110077832457142507693541221019962935854548595726517473421358805729539743086674422791196611932507724839888005356956529454106843544859895605488806234
Test_93,The RICO Civil Fraud Action in Context: Reflections on Bennett v. Berg,000_1,3153362994389584130885552635429164343818413226050301008255043998024885730088826074478812195011327721508316873548641959278227883184024141167309169758073585343117204397051082692676652302920721743594220610
Test_93,Beguiled: Free Exercise Exemptions and the Siren Song of Liberalism,000_1,48111938328266413102380015695133206172312791847323237752802046054602909311858192624416314459152591216234556688510544846335628936984785041772199540176938922964422692777236734820229797143786167562818
Test_93,A Constitutional Right of Religious Exemption: An Historical Perspective,000_1,3467160563142759789890402959326427033665245793790839097676051143312649442604665871144461170970890974710336033256222452564797259131367847151994955460741807840611927589569095226468321914829472325906416067246149165384
Test_93,Religious Liberty and the Call of Conscience,000_1,7665403655904524480809568792065260379790102404717836767393685867782614792505218233173991323347937571168195965391920581156401242798183052612
Test_93,An Economic Approach to Issues of Religious Freedom,000_1,9265147009190358755619368586926944835406121054358336740644348121084143455611114134657407680809104816446286082168540774469101498593523549070442412307195544526349133
Test_93,Legislative and Administrative Motivation in Constitutional Law,000_1,2608154369034133436405157754046238162582565864320660832805717794292003180092875146521000152799398993365572997937619155346007394378592755117805188148898201907439042544908147190853
Test_93,Regulation of Reinsurance in the United States,000_1,502407342025280935962713117879323002735952522280585531629055086341423596794575678676604122081192792142109414750948559375218771222580316165272903
Test_93,Refusals to Deal under the Federal Antitrust Laws,000_1,8430585467156126563573184630066547762179668165754813257113405111295811438249193664174792786509058434071559848842374269000762618977516196866793023889730
Test_93,"Smurfs, Money Laundering, and the Federal Criminal Law: The Crime of Structuring Transactions",000_1,19801487841215803405375235799585083938765154381095784581851504606280350975615934211996290127278273041073007528668974461931779368493805818455664775165656830872346783903123730573548456661949199142359090170913101195915875217350037322501750559804451899589880735063
Test_93,"Note, The Public Sector Compensatory Time Exception to the Fair Labor Standards Act: Trying to Compensate",000_1,102766514609836258257104822625422042122307077467120668247567520832762695377406122073674442957938517502970086581062383239987264808813215482782689233061073853518790682961119301342248095159034865472640895261110441367334728726541612960367246823894082686374439206744606470585146157070545372170907502
Test_93,Accommodation of Religion,000_1,22532996353129099573885527695219286692936258741255872443895377501871869048058221927734184384840033101
Test_93,Judicial Tenure in the American Constitution: English and American Precedents,000_1,58207846603819475789969203694511293492404143347219918317678137920398453731291872743863725820961579591778479241257224047094314020834385056670053528990079121997910814904486733346527907980185537272404603579416976520320870746
Test_93,Prospective Rulings: Two Perspectives,000_1,6971641429746121263876503273857174981217772747661338016860461787947711645052681624950086229718436704699305636317303309039330131
Test_93,"The Supreme Court, 1986 Term",000_1,378112618775408869045492599729756827550584780048869095367253711696118796583496697340221473857811365240991566
Test_93,Life Insurance Fact Book Update,000_1,2608649029837079629722285654142617747026166320786911168421906630166050747907011473011315054385709371745230496679344787137563424265840826578520412894003901402951055073051857994016
Test_93,Letter to  the Chairman of the Senate Committee on Indian Affairs,000_1,63945481409429207757297032714768392514330156603089733979317250367780554394379253053885533138506519290914896344578645695925000377149460531646920894651765171221293228785943175934593751218691861990845283998792001007909113711110527412552
Test_93,Letter to  the Chairman of the House Committee on Indian Affairs,000_1,249787036755582842801941503962920506991004409482299784722780768541914224477453453124200225266357326378732248578943239608683936505094129288535764719526699523487143404046905392198224821158161745706066754628653422854670586892040563016
Test_93,Hialeah City Council Meeting,000_1,502262951875753889516085298827433101133844771967351404275124083655545525435476184679154358600886475946949102761459365739869594453343508933603182
Test_93,Letter to  the Chairman of the Senate Committee on Indian Affairs,000_1,63945481409429207757297032714768392514330156603089733979317250367780554394379253053885533138506519290914896344578645695925000377149460531646920894651765171221293228785943175934593751218691861990845283998792001007909113711110527412552
Test_93,Letter to  the Chairman of the House Committee on Indian Affairs,000_1,249787036755582842801941503962920506991004409482299784722780768541914224477453453124200225266357326378732248578943239608683936505094129288535764719526699523487143404046905392198224821158161745706066754628653422854670586892040563016
Test_93,Hialeah City Council Meeting,000_1,502262951875753889516085298827433101133844771967351404275124083655545525435476184679154358600886475946949102761459365739869594453343508933603182
Glossip v. Gross,The Death Penalty in America: Current Controversies,00001_1,9271297867893835800532781154107851177201309395986553051004013370041975322776517794400417638525276913542447915115322363990015372197227143691853976812136261467729774
Glossip v. Gross,Does Capital Punishment Have a Deterrent Effect? New Evidence from Postmoratorium Panel Data,00001_3,1297337436961551822079242094388506306973534572437927171018743848571720123455684036158035432343673228553389237773318713331262977455880552088407625327193799126370875379928528140969570584563559096442078985235933395535513638710704998194928701887676353663687125443962180
Glossip v. Gross,"State Executions, Deterrence, and the Incidence of Murder",00001_3,2608887631078206174124735849541267293277010317446278822837611857470244510344572867284741536752011579763316886568674264077603125222353232828824429366149120184941447422957260204378
Glossip v. Gross,The Electric Chair: An Unnatural American History,00001_4,2159051423914457963665276790876712512370232191655890006823388179989140020565307129066762893472454783122717559156740093696844699798624593434788243993358914
Glossip v. Gross,The Death Penalty,00001_4,72787116126316992814754847493808983818409851707407307248546517498148577602
Glossip v. Gross,"Midazolam: Pharmacology and Uses, 62 Anesthesiology",00001_4,2158232277094855047272530561068516582318557620353242370719423670577250016552212359588629361963322346238505786380689505703860447633992349734305990180234578
Glossip v. Gross,App. A,00001_4,60219531585622094081623154205934806911992978105680
Glossip v. Gross,The Death Penalty,00001_4,48116357566330806500579174936348480353323022436442869322356709086188879816046259341505124874292616605133038780036851385860556970713561009071950416874011886001130369532794470360876574535620843631701
Glossip v. Gross,Enhancement of GABAergic Activity: Neuropharmacological Effects of Benzodiazepines and Therapeutic ,00001_4,21761591164900654223897144298248361944801614888653318899947577412628916083304461289699235299287948049207580486238866890090345500244363535067205895754335507422666297416678015759625478638179285066836444308060118182901162371071137940728834209920375683786772748723247689463119
Glossip v. Gross,Midazolam: Pharmacology and Uses,00001_4,378040946943659180068205255587276145357777698292823925561134517701829942735236246066419621635605645378348370
Glossip v. Gross,A Bill for Proportioning Crimes and Punishments,00001_5,2159049819335703096889904200956487190455707880001517487954774595538510526578028008036119250285624638830667843476648311939823773855519191861144611512018250
Glossip v. Gross,Convicting the Innocent: Where Criminal Prosecutions Go Wrong,00001_5,170927495971351272174553955010922153348525266649251995509696057559282045851595599764029297252456034728857563582343266402422241020718245446252071565642038501358702366860279651459293511
Glossip v. Gross,Report and Recommendations on the Administration of the Death Penalty in California,00001_5,16382463148839057300294686598043368112115521709744085899672974044675975106105887627177926113378347007189569445246410928163752622389488098318522456630471832608091868846713403016093171498273169481039506189675709819761511048482459212805450
Glossip v. Gross,Report of the Council to the Membership on the Matter of the Death Penalty,00001_5,807794339385669414943462114146558010491201284290272556895838590309387948276247587040607016277748938624326948574800632268703904126240118861947970277907910394675733988260371026120973420743862960514879016001
Glossip v. Gross,A Wild Justice: The Death and Resurrection of Capital Punishment in America,00001_5,887674624718121161992584949532094382447853800308960695473622594486392018209838672108953481843061372613848046160052193302516602844243460143439151809532564873178316813088457060126846707020472446153945778672902951821645
Glossip v. Gross,The Death Penalty in 2014: Year End Report,00001_5,1785243246377094434171980910979041165634989505302240892255887354429386765269933422933245048223154476457849471742773569426138157124
Glossip v. Gross,A Bill for Proportioning Crimes and Punishments,00001_5,2159049819335703096889904200956487190455707880001517487954774595538510526578028008036119250285624638830667843476648311939823773855519191861144611512018250
Glossip v. Gross,A Living Death: Life Without Parole for Nonviolent Offenses,00001_5,155487136054701437043199332101565329862371513476766356796826648522132118060724123351725894964221271011511674043256840948049938265860691691094585079800340776586956669469505
Glossip v. Gross,Mercy on Trial: What It Means To Stop an Execution,00001_5,8430569748712036599916421875710327022643834224601047528226224460347527166467393016330550582658341555564967292913224432326476120364515313150127512904019
Glossip v. Gross,Deterrence and the Death Penalty,00001_5,24768181330806820026596412233171107396738743675199671285038036904945618327083925296991871725177567783253397827395
Glossip v. Gross,An Expendable Man,00001_5,1110748563730831651412834702708024179265929225206980598415314531935301
Glossip v. Gross,White Lies,00001_5,1010031752220051028621390690879057770668180118692339016004
Glossip v. Gross,Report to the Senate and House Committees on the Judiciary: Death Penalty Sentencing,00001_5,975733864183915352499310212532776623050880532429445140422753424096238619930556586387432132259427924221271163568895396591475443970698505400188907624580130365592030786809226879630977372759643531987009162217569328141911653167874375
Glossip v. Gross,"Guardian, May",00001_5,16945464159355080278854789312923560104325416654984750111893055555
Glossip v. Gross,"Rate of False Conviction of Criminal Defendants Who Are Sentenced to Death, 111 Proceeding of the N",00001_5,85030398892333596235684800908379518352890344050388278168800237679216402925184812921748416397201450114540850027906525635713300947628076171127621768275426292040310805725606276746917336388865823028167264890179739802955250716028737291366273371050935596011789801994827952706
Glossip v. Gross,Convicting the Innocent: Where Criminal Prosecutions Go Wrong,00001_5,170927495971351272174553955010922153348525266649251995509696057559282045851595599764029297252456034728857563582343266402422241020718245446252071565642038501358702366860279651459293511
Glossip v. Gross,"Iraq, and Saudi Arabia. Amnesty International, Death Sentences and Executions 2013",00001_5,3812894956440118201837543485174007469152161082365459061147683482634401895042315070909116684590307983232351776260568105858497420911941737476326271540104330806003152026588255388636532783118797002091201899422239994368637421056585
Glossip v. Gross,"Justice Lewis F. Powell, Jr.",00001_5,1476158119096134996845452670602300234772006683061779958661413680719987775078093347120846838731589598733642
Glossip v. Gross,Exonerations in 2014,00001_5,343825342621272580350875457430728919918979016847355971109815966525195965609986047814488994838597
Glossip v. Gross,Pennsylvania,00001_5,1111384154322262258990147270454826927052299569088649089036547551883118
Glossip v. Gross,Oregon,00001_5,3947681398624514590840412677046071526577173232575541102
Glossip v. Gross,North Carolina,00001_5,72814723111704154480850506646192995676603020325385511303608364792513785710
Glossip v. Gross,New Hampshire,00001_5,284433253041914349654204221732192729292657158497227761920406549639950190
Glossip v. Gross,Nevada,00001_5,3947294049332005692013864043357479856978555503055433582
Glossip v. Gross,Montana,00001_5,1010507276628993457168841435215789412430815875917995274094
Glossip v. Gross,Kansas,00001_5,3947304331202083224461208045966948081460511378662977390
Glossip v. Gross,Colorado,00001_5,258715248140256188308678557171861001339038665785506736861038
Glossip v. Gross,California,00001_5,16953498849576375093398029282808097764665320513893677136097537902
Glossip v. Gross,ABA Standards for Criminal Justice: Treatment of Prisoners,00001_5,667685531138090909634680063543745037580474179021157824684128626217488110614613784435498863744129534911976578695146619735712208565576931383203584048200298933035718902339182402695022
Glossip v. Gross,Report and Recommendations on the Administration of the Death Penalty in California,00001_5,2772409612294745510554935948336224795920809408434238948793632984673455190927177275112937520415075671314102725334279078646582513906527543274395424676136357236743299005925992725560937359254445711168401694200560289809889620005608499904305545672567839206967606038030865546711022578017904626751074739164857032176812834549578044228433260784559918286409242252359262531
Glossip v. Gross,A Wild Justice: The Death and Resurrection of Capital Punishment in America,00001_5,485391741571549655901294374218951348939685645912099510385238856603621569717828491157937386658730964306917949445037030807373469448985161730465732523448086361630939253336523110156828760832944968444848869736152311781178489226281881207540853836998095767689838254078408990952509807762805990446616487794024738361706640467
Glossip v. Gross,"Guardian, May",00001_5,975823135506686715480633349829619424443166358319890537668251674694132438053946962920388536293191036630179374682142441500387996298314092395575561183468633668863376973956745858128930759249372935467466166018964361514237919700656201
Glossip v. Gross,Uses and Abuses of Empirical Evidence in the Death Penalty Debate,00001_5,734406202517451061432670210717793116436540577742495524252140673590917974620552157496034982916629152355748248038053756717653542382048459409286774935813055540329998726299600105482493613203943236
Glossip v. Gross,Deterrence and the Death Penalty: The Views of the Experts,00001_5,10192933675943355295415674038269037128857874326463339118427188706634730005152343857234290946536956750664199369633478793403874895152522762181208768331822581958238109253725610322
Glossip v. Gross,Capital Punishment and Deterrence: Examining the Effect of Executions on Murder in Texas,00001_5,4611705851367863374715691074661881295544649730807568807103342976574147895053166258779435728925513170943090829447625457260060691373806020675698349767854397314612246472497931830916783744234404770226455887678745745514594515180751235017691369457249840979
Glossip v. Gross,"Volunteering for Execution: Competency, Voluntariness and the Propriety of Third Party Intervention",00001_5,5572038445349149212519478651111376595498776543232566762955744089501187682648482089061043499286982666888411301942913604076379445845608085926967661102928991797254756033023779803786875960957066898206438308997885010874527233464217162462337018224775131533762572930262226806404179
Glossip v. Gross,"Volunteers for Execution: Directions for Further Research into Grief, Culpability, and Legal Struct",00001_5,1426573368782841506487020238654045571272883609000940742972610269760318865190019300815824143551667108198013064882287361178113278729504028399977994925473211742124827696305391290187940751068680327131889377216673980696187562493722906359914563452271839613808154805943768647707488082
Glossip v. Gross,Psychiatric Effects of Solitary Confinement,00001_5,1963081051674885095784364500894753164790207722080245429096490573713923027631841292266763084518212896918429082672783225905727728172135398601287
Glossip v. Gross,The Supreme Court and the Politics of Death,00001_5,117030930107934739505953011540977232618390071466883088330644268255343205164754145236874316440854310675876758125187289514735678406618451
Glossip v. Gross,The Racial Geography of the Federal Death Penalty,00001_5,32916316532485087801325845274241928074019558530711009149839519970176126804036841093279050061242372866620760172359707031902114287619910264086627643203
Glossip v. Gross,Counsel for the Poor: The Death Sentence Not for the Worst Crime but for the Worst Lawyer,00001_5,18005940923431630088042679498815391663213794522655355936509297556972145906347986840918500242810502513107175780848267200479278911856465448490034170294519039681790205269912090045135227501386049942177518459091220864799080023725687604307817820309779010
Glossip v. Gross,"Death Eligibility in Colorado: Many Are Called, Few Are Chosen",00001_5,43765737999803687765279744688598627881614048668161682330355727494204389521256521886585518674116966191172825433843002205652519030224409617670199090538868124555365262295369916415567094093
Glossip v. Gross,A Broken System: The Persistent Patterns of Reversals of Death Sentences in the United States,00001_5,77334668643312154181494838732697127777387782063402376060869769563527026147874591389997365766002503220248619463143457788258078866819187701191747853450437930933745412878130756269979801921562939551093476934261830733376121466595628195533854221970808901208925511
Glossip v. Gross,Innocents Convicted: An Empirically Justified Factual Wrongful Conviction Rate,00001_5,3813977965793282867795332014605199383482613533104695779403728576532207626137096155777419715599643278503611004187283291377483136801567832774184910107449953774417292150990383226305754367302026177051407773320371659523546372335954
Glossip v. Gross,Rate of False Conviction of Criminal Defendants Who Are Sentenced to Death,00001_5,52914547138961907510849748350613657760302454401223074725650902645463761893997116070069777544084720416821924526816088267690698273020887811431955178406789640273729576501286092617094562743661530450461482581324354
Hartland Cites,Reading Law,000_1,258591878883378214178360390248051868887073233331856013878099
